# Redirects from former explore documentation to enterprise
/docs/introduction	/introduction
/docs/core-concepts	/core-concepts
/docs/processing-batch-data	/processing-batch-data
/docs/aws-s3-bucket	/aws-s3-bucket
/docs/gcs-bucket	/gcs-bucket
/docs/google-bigquery	/google-bigquery
/docs/azure-storage-container	/azure-storage-container
/docs/tutorial-druid-ingestion	/tutorial-druid-ingestion
/docs/ingesting-from-big-query	/ingesting-from-big-query
/docs/process-streaming-data	/process-streaming-data
/docs/connecting-with-kafka	/connecting-with-kafka
/docs/tutorial-kafka-ingestion	/tutorial-kafka-ingestion
/docs/metadata-lookups	/metadata-lookups
/docs/data-ingestion-best-practices-1	/data-ingestion-best-practices-1
/docs/getting-access-to-rill-dashboards	/getting-access-to-rill-dashboards
/docs/getting-started	/getting-started
/docs/alerting	/alerting
/docs/scheduled-exports	/scheduled-exports
/docs/bookmarking	/bookmarking
/docs/facet-pivot-table-splits	/facet-pivot-table-splits
/docs/explore-admin	/explore-admin
/docs/adding-users	/adding-users
/docs/admin-security	/admin-security
/docs/create-an-external-dashboard	/create-an-external-dashboard
/docs/explore-json-examples	/explore-json-examples
/docs/embedding-explore	/embedding-explore
/docs/authenticating-integrated-applications	/authenticating-integrated-applications
/docs/api-password	/api-password
/docs/service-accounts	/service-accounts
/docs/api-access	/api-access
/docs/jdbc-connection	/jdbc-connection
/docs/jupyter	/jupyter
/docs/looker	/looker
/docs/superset	/superset
/docs/tableau	/tableau
/docs/aws-private-link	/aws-private-link
/docs/aws-encryption	/aws-encryption
/docs/faq	/faq
/docs/contact-support	/contact-support
